"State","Weight.Model.1","Weight.Model.2","Weight.Model.3"
"Arizona",0.0281020997633534,0.971897900236642,-2.64167927612973e-16
"Georgia",0.13044013014652,0.838092227332962,0.0314676425205192
"Michigan",0.129331282339428,0.610244040444548,0.260424677216011
"Nevada",0.127556907156181,0.729825138193726,0.14261795465009
"North Carolina",0.395493382985318,0.570328396962033,0.0341782200526506
"Pennsylvania",0.0311738574526802,0.95846019191933,0.0103659506279907
"Wisconsin",0.153723296589601,0.641944503439079,0.204332199971312
